날짜,팀명,순위,총 경기수,승리,패배,무승부,승률,게임차,최근 10경기 전적,연속 승패 현황,홈 경기 전적,원정 경기 전적,요일,홈팀,원정팀,장소,관중 수,시작시간,종료시간,경기시간,홈팀 선발,어웨이팀 선발,구장
2022-04-08,SSG,1,6,6,0,0,1.0,0.0,6승0무0패,6승,1-0-0,5-0-0,금,SSG,KIA,문학,15615,18:31,21:12,2:41,폰트,양현종,문학
2022-04-09,SSG,1,7,7,0,0,1.0,0.0,7승0무0패,7승,2-0-0,5-0-0,토,SSG,KIA,문학,21005,17:00,19:35,2:35,김광현,이민우,문학
2022-04-10,SSG,1,8,8,0,0,1.0,0.0,8승0무0패,8승,3-0-0,5-0-0,일,SSG,KIA,문학,17849,14:00,16:57,2:57,노경은,로니,문학
2022-04-15,SSG,1,12,11,1,0,0.917,0.0,9승0무1패,1승,4-0-0,7-0-1,금,SSG,삼성,문학,9441,18:30,21:09,2:39,김광현,수아레즈,문학
2022-04-16,SSG,1,13,12,1,0,0.923,0.0,9승0무1패,2승,5-0-0,7-0-1,토,SSG,삼성,문학,16037,14:00,17:14,3:14,노경은,백정현,문학
2022-04-17,SSG,1,14,13,1,0,0.929,0.0,9승0무1패,3승,6-0-0,7-0-1,일,SSG,삼성,문학,15104,14:00,17:12,3:12,노바,원태인,문학
2022-04-19,SSG,1,15,13,2,0,0.867,0.0,8승0무2패,1패,6-0-1,7-0-1,화,SSG,키움,문학,5931,18:30,21:58,3:28,오원석,정찬헌,문학
2022-04-20,SSG,1,16,14,2,0,0.875,0.0,8승0무2패,1승,7-0-1,7-0-1,수,SSG,키움,문학,5061,18:31,20:59,2:28,폰트,안우진,문학
2022-04-21,SSG,1,17,15,2,0,0.882,0.0,8승0무2패,2승,8-0-1,7-0-1,목,SSG,키움,문학,8080,18:30,21:13,2:43,김광현,애플러,문학
2022-04-29,SSG,1,24,18,5,1,0.783,0.0,5승1무4패,1승,9-0-1,9-1-4,금,SSG,두산,문학,10306,18:30,23:21,4:51,노바,최승용,문학
2022-04-30,SSG,1,25,19,5,1,0.792,0.0,6승1무3패,2승,10-0-1,9-1-4,토,SSG,두산,문학,20094,17:01,20:15,3:14,오원석,곽빈,문학
2022-05-01,SSG,1,26,19,6,1,0.76,0.0,5승1무4패,1패,10-0-2,9-1-4,일,SSG,두산,문학,18130,14:00,16:45,2:45,폰트,스탁,문학
2022-05-03,SSG,1,27,20,6,1,0.769,0.0,5승1무4패,1승,11-0-2,9-1-4,화,SSG,한화,문학,9110,18:30,21:40,3:10,김광현,윤대경,문학
2022-05-04,SSG,1,28,20,7,1,0.741,0.0,5승1무4패,1패,11-0-3,9-1-4,수,SSG,한화,문학,11331,18:31,21:59,3:28,이태양,장민재,문학
2022-05-05,SSG,1,29,21,7,1,0.75,0.0,6승1무3패,1승,12-0-3,9-1-4,목,SSG,한화,문학,23000,14:00,17:08,3:08,노바,남지민,문학
2022-05-13,SSG,1,36,24,11,1,0.686,0.0,5승0무5패,3패,12-0-4,12-1-7,금,SSG,NC,문학,8121,18:30,21:27,2:57,폰트,루친스키,문학
2022-05-14,SSG,1,37,25,11,1,0.694,0.0,5승0무5패,1승,13-0-4,12-1-7,토,SSG,NC,문학,15131,17:00,20:08,3:08,김광현,파슨스,문학
2022-05-15,SSG,1,38,25,12,1,0.676,0.0,5승0무5패,1패,13-0-5,12-1-7,일,SSG,NC,문학,11414,14:00,17:45,3:45,이태양,김시훈,문학
2022-05-20,SSG,1,42,28,12,2,0.7,0.0,5승1무4패,3승,14-0-5,14-2-7,금,SSG,LG,문학,13904,18:30,21:44,3:14,김광현,플럿코,문학
2022-05-21,SSG,1,43,28,13,2,0.683,0.0,4승1무5패,1패,14-0-6,14-2-7,토,SSG,LG,문학,21315,17:01,20:31,3:30,이태양,이민호,문학
2022-05-22,SSG,1,44,29,13,2,0.69,0.0,5승1무4패,1승,15-0-6,14-2-7,일,SSG,LG,문학,18157,14:00,17:14,3:14,노바,켈리,문학
2022-05-24,SSG,1,45,30,13,2,0.698,0.0,6승1무3패,2승,16-0-6,14-2-7,화,SSG,롯데,문학,11996,18:30,21:24,2:54,오원석,반즈,문학
2022-05-25,SSG,1,46,31,13,2,0.705,0.0,7승1무2패,3승,17-0-6,14-2-7,수,SSG,롯데,문학,9890,18:32,21:09,2:03,폰트,이인복,문학
2022-05-26,SSG,1,47,32,13,2,0.711,0.0,7승1무2패,4승,18-0-6,14-2-7,목,SSG,롯데,문학,13672,18:29,21:57,3:28,김광현,나균안,문학
2022-05-31,SSG,1,51,34,15,2,0.694,0.0,7승0무3패,1패,18-0-7,16-2-8,화,SSG,KT,문학,7883,18:29,20:50,2:21,폰트,고영표,문학
2022-06-01,SSG,1,52,35,15,2,0.7,0.0,7승0무3패,1승,19-0-7,16-2-8,수,SSG,KT,문학,15288,16:59,19:46,2:47,김광현,소형준,문학
2022-06-02,SSG,1,53,35,16,2,0.686,0.0,7승0무3패,1패,19-0-8,16-2-8,목,SSG,KT,문학,5525,18:30,21:50,3:20,이태양,데스파이네,문학
2022-06-10,SSG,1,60,37,20,3,0.649,0.0,3승1무6패,1승,20-0-8,17-3-12,금,SSG,한화,문학,9958,18:30,21:18,2:48,오원석,장민재,문학
2022-06-11,SSG,1,61,38,20,3,0.655,0.0,4승1무5패,2승,21-0-8,17-3-12,토,SSG,한화,문학,20078,17:00,19:34,2:34,폰트,김민우,문학
2022-06-12,SSG,1,62,39,20,3,0.661,0.0,4승1무5패,3승,22-0-8,17-3-12,일,SSG,한화,문학,15128,17:00,21:15,4:15,전영준,남지민,문학
2022-06-21,SSG,1,69,42,24,3,0.636,0.0,6승0무4패,2패,22-0-9,20-3-15,화,SSG,두산,문학,8067,18:30,21:48,3:18,이건욱,이영하,문학
2022-06-22,SSG,1,70,43,24,3,0.642,0.0,6승0무4패,1승,23-0-9,20-3-15,수,SSG,두산,문학,9261,18:30,22:04,3:34,오원석,곽빈,문학
2022-06-24,SSG,1,71,44,24,3,0.647,0.0,6승0무4패,2승,24-0-9,20-3-15,금,SSG,NC,문학,11040,18:30,21:30,3:00,폰트,루친스키,문학
2022-06-25,SSG,1,72,45,24,3,0.652,0.0,6승0무4패,3승,25-0-9,20-3-15,토,SSG,NC,문학,17058,17:00,20:14,3:14,김광현,송명기,문학
2022-06-26,SSG,1,73,46,24,3,0.657,0.0,7승0무3패,4승,26-0-9,20-3-15,일,SSG,NC,문학,13149,17:00,20:26,3:26,이태양,신민혁,문학
2022-07-01,SSG,1,76,48,25,3,0.658,0.0,7승0무3패,2승,27-0-9,21-3-16,금,SSG,KIA,문학,14099,18:29,22:15,3:46,폰트,김도현,문학
2022-07-02,SSG,1,77,49,25,3,0.662,0.0,7승0무3패,3승,28-0-9,21-3-16,토,SSG,KIA,문학,23000,18:00,21:12,3:12,김광현,임기영,문학
2022-07-03,SSG,1,78,50,25,3,0.667,0.0,8승0무2패,4승,29-0-9,21-3-16,일,SSG,KIA,문학,18666,17:00,19:34,2:34,이태양,이의리,문학
2022-07-05,SSG,1,79,51,25,3,0.671,0.0,9승0무1패,5승,30-0-9,21-3-16,화,SSG,롯데,문학,7773,18:30,21:29,2:59,오원석,박세웅,문학
2022-07-06,SSG,1,80,51,26,3,0.662,0.0,8승0무2패,1패,30-0-10,21-3-16,수,SSG,롯데,문학,6859,18:30,22:48,3:09,노경은,이인복,문학
2022-07-07,SSG,1,81,52,26,3,0.667,0.0,8승0무2패,1승,31-0-10,21-3-16,목,SSG,롯데,문학,5866,18:30,21:20,2:50,폰트,김진욱,문학
2022-07-12,SSG,1,85,56,26,3,0.683,0.0,9승0무1패,5승,32-0-10,24-3-16,화,SSG,키움,문학,10985,18:30,22:10,3:40,노경은,요키시,문학
2022-07-14,SSG,1,86,57,26,3,0.687,0.0,9승0무1패,6승,33-0-10,24-3-16,목,SSG,키움,문학,12969,18:30,21:03,2:33,폰트,정찬헌,문학
2022-07-26,SSG,1,89,59,27,3,0.686,0.0,8승0무2패,1패,33-0-11,26-3-16,화,SSG,LG,문학,11063,18:30,21:10,2:40,오원석,플럿코,문학
2022-07-27,SSG,1,90,60,27,3,0.69,0.0,9승0무1패,1승,34-0-11,26-3-16,수,SSG,LG,문학,10070,18:30,21:30,3:00,모리만도,임찬규,문학
2022-07-28,SSG,1,91,61,27,3,0.693,0.0,9승0무1패,2승,35-0-11,26-3-16,목,SSG,LG,문학,15059,18:30,21:11,2:41,김광현,켈리,문학
2022-08-05,SSG,1,98,65,30,3,0.684,0.0,6승0무4패,1패,35-0-12,30-3-18,금,SSG,삼성,문학,11962,18:31,21:41,3:10,폰트,황동재,문학
2022-08-06,SSG,1,99,66,30,3,0.688,0.0,7승0무3패,1승,36-0-12,30-3-18,토,SSG,삼성,문학,18640,18:00,22:44,4:44,박종훈,허윤동,문학
2022-08-07,SSG,1,100,67,30,3,0.691,0.0,7승0무3패,2승,37-0-12,30-3-18,일,SSG,삼성,문학,15958,17:00,20:39,3:39,모리만도,장필준,문학
2022-08-10,SSG,1,101,68,30,3,0.694,0.0,7승0무3패,3승,38-0-12,30-3-18,수,SSG,KT,문학,6523,18:30,21:14,2:44,김광현,벤자민,문학
2022-08-11,SSG,1,102,69,30,3,0.697,0.0,8승0무2패,4승,39-0-12,30-3-18,목,SSG,KT,문학,6603,18:30,21:36,3:06,오원석,데스파이네,문학
2022-08-12,SSG,1,103,69,31,3,0.69,0.0,7승0무3패,1패,39-0-13,30-3-18,금,SSG,KT,문학,10093,18:30,21:31,3:01,폰트,고영표,문학
2022-08-18,SSG,1,107,71,33,3,0.683,0.0,6승0무4패,2패,39-0-14,32-3-19,목,SSG,LG,문학,14662,18:30,21:53,3:23,폰트,이민호,문학
2022-08-23,SSG,1,110,74,33,3,0.692,0.0,7승0무3패,3승,40-0-14,34-3-19,화,SSG,삼성,문학,8096,18:30,21:43,3:13,김광현,수아레즈,문학
2022-08-24,SSG,1,111,75,33,3,0.694,0.0,7승0무3패,4승,41-0-14,34-3-19,수,SSG,삼성,문학,8345,18:30,21:26,2:56,이태양,양창섭,문학
2022-08-27,SSG,1,114,76,35,3,0.685,0.0,6승0무4패,1승,42-0-14,34-3-21,토,SSG,롯데,문학,21043,18:00,21:03,3:03,모리만도,서준원,문학
2022-08-28,SSG,1,115,76,36,3,0.679,0.0,5승0무5패,1패,42-0-15,34-3-21,일,SSG,롯데,문학,20604,17:00,20:09,3:09,김광현,스트레일리,문학
2022-09-01,SSG,1,117,76,38,3,0.667,0.0,5승0무5패,3패,42-0-16,34-3-22,목,SSG,NC,문학,7804,18:30,21:22,2:52,박종훈,송명기,문학
2022-09-02,SSG,1,118,77,38,3,0.67,0.0,5승0무5패,1승,43-0-16,34-3-22,금,SSG,NC,문학,12392,18:30,21:15,2:45,모리만도,더모디,문학
2022-09-03,SSG,1,119,77,39,3,0.664,0.0,4승0무6패,1패,43-0-17,34-3-22,토,SSG,키움,문학,20347,17:00,19:54,2:54,오원석,한현희,문학
2022-09-08,SSG,1,122,78,40,4,0.661,0.0,3승1무6패,1패,43-0-18,35-4-22,목,SSG,KIA,문학,16148,18:30,21:58,3:28,모리만도,놀린,문학
2022-09-09,SSG,1,123,78,41,4,0.655,0.0,3승1무6패,2패,43-0-19,35-4-22,금,SSG,KIA,문학,20951,13:59,17:45,3:46,오원석,파노니,문학
2022-09-17,SSG,1,130,81,45,4,0.643,0.0,3승1무6패,1패,43-0-20,38-4-25,토,SSG,두산,문학,20871,17:00,19:47,2:47,김광현,브랜든,문학
2022-09-18,SSG,1,131,82,45,4,0.646,0.0,4승0무6패,1승,44-0-20,38-4-25,일,SSG,두산,문학,17684,13:59,18:14,4:15,폰트,스탁,문학
2022-09-20,SSG,1,132,83,45,4,0.648,0.0,5승0무5패,2승,45-0-20,38-4-25,화,SSG,KT,문학,10066,18:30,21:13,2:43,모리만도,데스파이네,문학
2022-09-21,SSG,1,133,83,46,4,0.643,0.0,5승0무5패,1패,45-0-21,38-4-25,수,SSG,KT,문학,10359,18:30,21:55,3:25,오원석,벤자민,문학
2022-09-22,SSG,1,134,84,46,4,0.646,0.0,6승0무4패,1승,46-0-21,38-4-25,목,SSG,한화,문학,11471,18:29,21:25,2:56,박종훈,김민우,문학
2022-09-23,SSG,1,135,85,46,4,0.649,0.0,6승0무4패,2승,47-0-21,38-4-25,금,SSG,한화,문학,16353,18:29,21:56,3:27,김광현,김기중,문학
2022-09-24,SSG,1,136,86,46,4,0.652,0.0,7승0무3패,3승,48-0-21,38-4-25,토,SSG,두산,문학,19253,16:59,20:10,3:11,이태양,박신지,문학
2022-09-25,SSG,1,137,86,47,4,0.647,0.0,6승0무4패,1패,48-0-22,38-4-25,일,SSG,LG,문학,23000,14:00,17:46,3:46,모리만도,플럿코,문학
2022-09-29,SSG,1,138,86,48,4,0.642,0.0,6승0무4패,2패,48-0-23,38-4-25,목,SSG,키움,문학,13358,18:30,22:58,4:28,김광현,한현희,문학
2022-09-30,SSG,1,139,87,48,4,0.644,0.0,6승0무4패,1승,49-0-23,38-4-25,금,SSG,키움,문학,20422,18:29,22:57,4:28,폰트,안우진,문학
2023-04-01,SSG,1,1,1,0,0,1.0,0.0,1승0무0패,1승,1-0-0,0-0-0,토,SSG,KIA,문학,23000,14:01,17:24,3:23,김광현,앤더슨,문학
2023-04-02,SSG,2,2,1,1,0,0.5,1.0,1승0무1패,1패,1-0-1,0-0-0,일,SSG,KIA,문학,23000,14:01,17:27,3:26,맥카티,이의리,문학
2023-04-04,SSG,1,3,2,1,0,0.667,0.0,2승0무1패,1승,2-0-1,0-0-0,화,SSG,롯데,문학,5809,18:30,21:45,2:43,오원석,박세웅,문학
2023-04-14,SSG,1,10,8,2,0,0.8,0.0,8승0무2패,1승,3-0-1,5-0-1,금,SSG,NC,문학,8218,18:30,21:32,3:02,송영진,송명기,문학
2023-04-15,SSG,1,11,8,3,0,0.727,0.0,7승0무3패,1패,3-0-2,5-0-1,토,SSG,NC,문학,13956,17:00,20:11,3:11,맥카티,구창모,문학
2023-04-16,SSG,1,12,8,4,0,0.667,0.0,7승0무3패,2패,3-0-3,5-0-1,일,SSG,NC,문학,13460,14:00,18:10,4:10,오원석,신민혁,문학
2023-04-21,SSG,2,16,10,6,0,0.625,1.0,5승0무5패,2승,4-0-3,6-0-3,금,SSG,키움,문학,12374,18:29,21:16,2:47,김광현,후라도,문학
2023-04-22,SSG,2,17,11,6,0,0.647,1.0,5승0무5패,3승,5-0-3,6-0-3,토,SSG,키움,문학,16535,17:00,19:33,2:33,맥카티,최원태,문학
2023-04-23,SSG,1,18,12,6,0,0.667,0.0,5승0무5패,4승,6-0-3,6-0-3,일,SSG,키움,문학,15878,14:00,17:33,3:33,오원석,이승호,문학
2023-04-28,SSG,1,22,14,8,0,0.636,0.0,6승0무4패,1승,7-0-3,7-0-5,금,SSG,두산,문학,14909,18:30,21:35,3:05,맥카티,최승용,문학
2023-04-29,SSG,1,23,15,8,0,0.652,0.0,7승0무3패,2승,8-0-3,7-0-5,토,SSG,두산,문학,20180,16:59,20:39,3:40,오원석,최원준,문학
2023-04-30,SSG,2,24,15,9,0,0.625,0.0,7승0무3패,1패,8-0-4,7-0-5,일,SSG,두산,문학,21026,13:59,16:41,2:42,박종훈,곽빈,문학
2023-05-02,SSG,2,25,15,10,0,0.6,1.0,6승0무4패,2패,8-0-5,7-0-5,화,SSG,KT,문학,6950,18:30,21:20,2:50,문승원,벤자민,문학
2023-05-03,SSG,2,26,16,10,0,0.615,0.0,6승0무4패,1승,9-0-5,7-0-5,수,SSG,KT,문학,7703,18:30,22:23,3:53,김광현,소형준,문학
2023-05-04,SSG,1,27,17,10,0,0.63,0.0,6승0무4패,2승,10-0-5,7-0-5,목,SSG,KT,문학,7529,18:30,21:20,2:50,맥카티,슐서,문학
2023-05-12,SSG,1,34,22,12,0,0.647,0.0,7승0무3패,1패,10-0-6,12-0-6,금,SSG,한화,문학,14395,18:30,22:13,3:43,박종훈,장민재,문학
2023-05-13,SSG,1,35,23,12,0,0.657,0.0,8승0무2패,1승,11-0-6,12-0-6,토,SSG,한화,문학,23000,17:00,20:32,3:32,송영진,문동주,문학
2023-05-14,SSG,1,36,23,12,1,0.657,0.0,7승1무2패,1승,11-1-6,12-0-6,일,SSG,한화,문학,20757,14:01,18:59,4:58,김광현,김민우,문학
2023-05-23,SSG,2,42,26,15,1,0.634,1.0,5승1무4패,1패,11-1-7,15-0-8,화,SSG,LG,문학,12508,18:29,21:32,3:03,오원석,임찬규,문학
2023-05-24,SSG,1,43,27,15,1,0.643,0.0,5승1무4패,1승,12-1-7,15-0-8,수,SSG,LG,문학,16829,18:29,21:41,3:12,엘리아스,이지강,문학
2023-05-25,SSG,2,44,27,16,1,0.628,1.0,5승1무4패,1패,12-1-8,15-0-8,목,SSG,LG,문학,17575,18:29,21:34,3:05,송영진,켈리,문학
2023-05-30,SSG,2,46,29,16,1,0.644,1.0,6승0무4패,2승,13-1-8,16-0-8,화,SSG,삼성,문학,10232,18:30,21:16,2:46,맥카티,수아레즈,문학
2023-05-31,SSG,2,47,29,17,1,0.63,1.0,6승0무4패,1패,13-1-9,16-0-8,수,SSG,삼성,문학,10745,18:30,21:19,2:49,엘리아스,백정현,문학
2023-06-01,SSG,2,48,30,17,1,0.638,1.0,6승0무4패,1승,14-1-9,16-0-8,목,SSG,삼성,문학,9028,18:30,21:29,2:59,백승건,양창섭,문학
2023-06-02,SSG,1,49,31,17,1,0.646,0.0,7승0무3패,2승,15-1-9,16-0-8,금,SSG,키움,문학,12533,18:30,21:47,3:17,박종훈,최원태,문학
2023-06-03,SSG,1,50,32,17,1,0.653,0.0,7승0무3패,3승,16-1-9,16-0-8,토,SSG,키움,문학,19071,17:00,20:16,3:16,오원석,정찬헌,문학
2023-06-04,SSG,1,51,32,18,1,0.64,0.0,6승0무4패,1패,16-1-10,16-0-8,일,SSG,키움,문학,17007,16:59,20:06,3:07,맥카티,장재영,문학
2023-06-13,SSG,1,58,36,21,1,0.632,0.0,6승0무4패,1승,17-1-10,19-0-11,화,SSG,KT,문학,6568,18:29,21:25,2:56,엘리아스,엄상백,문학
2023-06-14,SSG,1,59,36,22,1,0.621,0.0,5승0무5패,1패,17-1-11,19-0-11,수,SSG,KT,문학,6579,18:30,21:40,3:10,박종훈,배제성,문학
2023-06-15,SSG,2,60,36,23,1,0.61,0.5,4승0무6패,2패,17-1-12,19-0-11,목,SSG,KT,문학,6736,18:30,21:14,2:44,오원석,고영표,문학
2023-06-16,SSG,2,61,37,23,1,0.617,0.5,5승0무5패,1승,18-1-12,19-0-11,금,SSG,롯데,문학,18013,18:30,21:31,3:01,맥카티,한현희,문학
2023-06-17,SSG,1,62,38,23,1,0.623,0.0,5승0무5패,2승,19-1-12,19-0-11,토,SSG,롯데,문학,23000,16:59,20:37,3:38,김광현,박세웅,문학
2023-06-18,SSG,2,63,38,24,1,0.613,0.5,4승0무6패,1패,19-1-13,19-0-11,일,SSG,롯데,문학,19156,17:00,20:22,3:22,엘리아스,반즈,문학
2023-06-23,SSG,1,67,42,24,1,0.636,0.0,7승0무3패,4승,20-1-13,22-0-11,금,SSG,삼성,문학,12744,18:29,21:10,2:41,김광현,백정현,문학
2023-06-24,SSG,1,68,43,24,1,0.642,0.0,7승0무3패,5승,21-1-13,22-0-11,토,SSG,삼성,문학,20062,17:00,20:38,3:38,엘리아스,최채흥,문학
2023-06-25,SSG,1,69,43,25,1,0.632,0.0,7승0무3패,1패,21-1-14,22-0-11,일,SSG,삼성,문학,14722,17:00,20:12,3:12,조성훈,뷰캐넌,문학
2023-06-27,SSG,2,70,43,26,1,0.623,0.5,7승0무3패,2패,21-1-15,22-0-11,화,SSG,LG,문학,12244,18:30,21:38,3:08,오원석,임찬규,문학
2023-06-28,SSG,2,71,43,27,1,0.614,1.5,6승0무4패,3패,21-1-16,22-0-11,수,SSG,LG,문학,11045,18:30,22:33,4:03,박종훈,이지강,문학
2023-07-05,SSG,2,75,45,29,1,0.608,1.5,5승0무5패,1패,21-1-17,24-0-12,수,SSG,KIA,문학,13025,18:30,21:59,3:29,박종훈,윤영철,문학
2023-07-06,SSG,2,76,45,30,1,0.6,2.5,4승0무6패,2패,21-1-18,24-0-12,목,SSG,KIA,문학,17513,18:30,22:32,4:02,김광현,양현종,문학
2023-07-12,SSG,2,79,46,32,1,0.59,2.5,3승0무7패,2패,21-1-19,25-0-13,수,SSG,두산,문학,19699,18:29,21:52,3:23,김광현,브랜든,문학
2023-07-28,SSG,2,84,48,35,1,0.578,2.5,3승0무7패,2패,21-1-20,27-0-15,금,SSG,한화,문학,14386,18:30,21:37,3:07,엘리아스,페냐,문학
2023-07-29,SSG,2,85,49,35,1,0.583,2.5,4승0무6패,1승,22-1-20,27-0-15,토,SSG,한화,문학,21344,17:59,21:24,3:25,박종훈,장민재,문학
2023-07-30,SSG,2,86,50,35,1,0.588,2.5,5승0무5패,2승,23-1-20,27-0-15,일,SSG,한화,문학,18158,16:59,21:24,3:24,오원석,한승혁,문학
2023-08-08,SSG,2,93,52,40,1,0.565,5.0,4승0무6패,2패,23-1-21,29-0-19,화,SSG,NC,문학,8131,18:29,21:31,3:02,김광현,페디,문학
2023-08-09,SSG,2,94,53,40,1,0.57,5.0,5승0무5패,1승,24-1-21,29-0-19,수,SSG,NC,문학,6473,18:30,21:11,2:41,엘리아스,최성영,문학
2023-08-11,SSG,2,95,53,41,1,0.564,6.0,4승0무6패,1패,24-1-22,29-0-19,금,SSG,삼성,문학,7495,18:30,22:08,3:38,오원석,뷰캐넌,문학
2023-08-12,SSG,2,96,54,41,1,0.568,6.0,4승0무6패,1승,25-1-22,29-0-19,토,SSG,삼성,문학,18055,18:00,22:05,4:05,맥카티,백정현,문학
2023-08-13,SSG,2,97,55,41,1,0.573,6.0,5승0무5패,2승,26-1-22,29-0-19,일,SSG,삼성,문학,16473,17:00,19:39,2:39,김광현,와이드너,문학
2023-08-18,SSG,2,101,55,45,1,0.55,8.0,3승0무7패,4패,26-1-23,29-0-22,금,SSG,LG,문학,14549,18:30,23:03,4:33,맥카티,최원태,문학
2023-08-19,SSG,3,102,55,46,1,0.545,9.0,3승0무7패,5패,26-1-24,29-0-22,토,SSG,LG,문학,23000,18:00,21:21,3:21,김광현,임찬규,문학
2023-08-20,SSG,3,103,56,46,1,0.549,8.0,4승0무6패,1승,27-1-24,29-0-22,일,SSG,LG,문학,18441,17:00,19:48,2:48,엘리아스,플럿코,문학
2023-08-24,SSG,3,104,57,46,1,0.553,8.0,4승0무6패,2승,28-1-24,29-0-22,목,SSG,NC,문학,6683,18:31,21:07,2:36,맥카티,이재학,문학
2023-08-30,SSG,3,108,60,47,1,0.561,5.5,5승0무5패,3승,29-1-24,31-0-23,수,SSG,키움,문학,7809,18:30,22:01,3:31,맥카티,맥키니,문학
2023-08-31,SSG,3,109,60,48,1,0.556,6.5,5승0무5패,1패,29-1-25,31-0-23,목,SSG,키움,문학,9780,18:29,23:01,4:32,김광현,안우진,문학
2023-09-01,SSG,3,110,60,49,1,0.55,7.5,5승0무5패,2패,29-1-26,31-0-23,금,SSG,KIA,문학,17281,18:30,21:41,3:11,엘리아스,양현종,문학
2023-09-02,SSG,3,111,60,50,1,0.545,7.5,5승0무5패,3패,29-1-27,31-0-23,토,SSG,KIA,문학,23000,17:00,20:21,3:21,문승원,윤영철,문학
2023-09-03,SSG,3,112,60,51,1,0.541,7.5,5승0무5패,4패,29-1-28,31-0-23,일,SSG,KIA,문학,23000,14:00,17:48,3:48,오원석,이의리,문학
2023-09-12,SSG,5,119,62,55,2,0.53,8.0,2승1무7패,1패,29-1-29,33-1-26,화,SSG,KT,문학,10309,18:30,21:08,2:38,김광현,벤자민,문학
2023-09-21,SSG,5,125,63,60,2,0.512,13.0,2승1무7패,1패,29-1-30,34-1-30,목,SSG,LG,문학,12353,18:30,21:47,3:17,송영진,켈리,문학
2023-09-22,SSG,6,126,63,61,2,0.508,13.0,2승1무7패,2패,29-1-31,34-1-30,금,SSG,롯데,문학,11561,18:30,21:48,3:18,김광현,박세웅,문학
2023-09-23,SSG,5,127,64,61,2,0.512,13.0,3승0무7패,1승,30-1-31,34-1-30,토,SSG,롯데,문학,19725,17:00,19:51,2:51,맥카티,반즈,문학
2023-09-24,SSG,5,128,64,62,2,0.508,14.0,2승0무8패,1패,30-1-32,34-1-30,일,SSG,롯데,문학,16280,14:00,17:20,3:20,문승원,윌커슨,문학
2023-09-27,SSG,5,130,65,62,3,0.512,14.5,3승1무6패,1승,31-2-32,34-1-30,수,SSG,두산,문학,6526,15:00,19:04,4:04,김광현,브랜든,문학
2023-09-27,SSG,5,130,65,62,3,0.512,14.5,3승1무6패,1승,31-2-32,34-1-30,수,SSG,두산,문학,12132,19:34,22:34,3:00,엘리아스,최승용,문학
2023-09-30,SSG,5,132,66,63,3,0.512,13.0,4승1무5패,1승,32-2-32,34-1-31,토,SSG,KIA,문학,22191,14:00,17:08,3:08,문승원,양현종,문학
2023-10-01,SSG,5,133,67,63,3,0.515,13.0,5승1무4패,2승,33-2-32,34-1-31,일,SSG,KIA,문학,22701,14:00,17:52,3:52,송영진,윤영철,문학
2023-10-03,SSG,5,134,68,63,3,0.519,13.0,5승1무4패,3승,34-2-32,34-1-31,화,SSG,NC,문학,14507,14:00,17:10,3:10,엘리아스,신민혁,문학
2023-10-04,SSG,5,135,69,63,3,0.523,13.0,6승1무3패,4승,35-2-32,34-1-31,수,SSG,NC,문학,8006,18:39,21:52,3:13,김광현,최성영,문학
2023-10-05,SSG,4,136,70,63,3,0.526,13.0,7승1무2패,5승,36-2-32,34-1-31,목,SSG,NC,문학,9004,18:29,21:39,3:10,오원석,이재학,문학
2023-10-06,SSG,4,137,71,63,3,0.53,12.0,7승1무2패,6승,37-2-32,34-1-31,금,SSG,한화,문학,15755,18:30,21:23,2:53,문승원,이태양,문학
2023-10-13,SSG,3,141,74,64,3,0.536,10.0,9승0무1패,3승,38-2-32,36-1-32,금,SSG,키움,문학,16783,18:30,21:01,2:31,오원석,후라도,문학
2023-10-17,SSG,3,144,76,65,3,0.539,9.5,8승0무2패,2승,39-2-32,37-1-33,화,SSG,두산,문학,21007,18:30,21:09,2:39,김광현,장원준,문학
2024-03-23,SSG,1,1,1,0,0,1.0,0.0,1승0무0패,1승,1-0-0,0-0-0,토,SSG,롯데,문학,23000,14:00,17:24,3:24,김광현,윌커슨,문학
2024-03-24,SSG,1,2,2,0,0,1.0,0.0,2승0무0패,2승,2-0-0,0-0-0,일,SSG,롯데,문학,23000,14:00,17:45,3:45,엘리아스,박세웅,문학
2024-03-26,SSG,2,3,2,1,0,0.667,0.5,2승0무1패,1패,2-0-1,0-0-0,화,SSG,한화,문학,10541,18:30,21:24,2:54,더거,김민우,문학
2024-03-27,SSG,7,4,2,2,0,0.5,1.5,2승0무2패,2패,2-0-2,0-0-0,수,SSG,한화,문학,11005,18:29,21:13,2:44,박종훈,산체스,문학
2024-03-28,SSG,7,5,2,3,0,0.4,2.0,2승0무3패,3패,2-0-3,0-0-0,목,SSG,한화,문학,11755,18:30,22:06,3:36,오원석,문동주,문학
2024-04-02,SSG,4,9,6,3,0,0.667,1.0,6승0무3패,4승,3-0-3,3-0-0,화,SSG,두산,문학,12379,18:29,22:03,3:34,송영진,최원준,문학
2024-04-03,SSG,3,10,7,3,0,0.7,0.5,7승0무3패,5승,4-0-3,3-0-0,수,SSG,두산,문학,12128,18:30,21:33,3:03,오원석,김동주,문학
2024-04-04,SSG,3,11,8,3,0,0.727,0.5,7승0무3패,6승,5-0-3,3-0-0,목,SSG,두산,문학,14249,18:29,21:16,2:47,김광현,알칸타라,문학
2024-04-09,SSG,3,15,9,6,0,0.6,1.0,7승0무3패,1승,6-0-3,3-0-3,화,SSG,키움,문학,9468,18:30,21:18,2:48,오원석,손현기,문학
2024-04-10,SSG,3,16,10,6,0,0.625,1.0,7승0무3패,2승,7-0-3,3-0-3,수,SSG,키움,문학,20511,14:00,16:38,2:38,김광현,후라도,문학
2024-04-11,SSG,3,17,10,7,0,0.588,2.0,6승0무4패,1패,7-0-4,3-0-3,목,SSG,키움,문학,7250,18:30,21:25,2:55,엘리아스,하영민,문학
2024-04-16,SSG,4,21,13,8,0,0.619,2.0,5승0무5패,3승,8-0-4,5-0-4,화,SSG,KIA,문학,12712,18:30,21:46,3:16,김광현,김건국,문학
2024-04-17,SSG,4,22,13,9,0,0.591,3.0,5승0무5패,1패,8-0-5,5-0-4,수,SSG,KIA,문학,16062,18:30,21:43,3:13,엘리아스,크로우,문학
2024-04-18,SSG,3,23,14,9,0,0.609,2.0,6승0무4패,1승,9-0-5,5-0-4,목,SSG,KIA,문학,14263,18:30,21:17,2:47,더거,윤영철,문학
2024-04-19,SSG,3,24,14,10,0,0.583,3.0,6승0무4패,1패,9-0-6,5-0-4,금,SSG,LG,문학,14097,18:29,21:34,3:05,박종훈,최원태,문학
2024-04-21,SSG,4,26,14,11,1,0.56,3.5,4승1무5패,2패,9-1-7,5-0-4,일,SSG,LG,문학,19858,14:00,17:00,3:00,김광현,엔스,문학
2024-04-21,SSG,4,26,14,11,1,0.56,3.5,4승1무5패,2패,9-1-7,5-0-4,일,SSG,LG,문학,9656,17:40,21:16,3:36,오원석,손주영,문학
2024-04-26,SSG,3,29,16,12,1,0.571,4.0,5승1무4패,1승,10-1-7,6-0-5,금,SSG,KT,문학,10075,18:29,21:03,2:34,오원석,엄상백,문학
2024-04-27,SSG,4,30,16,13,1,0.552,4.0,4승1무5패,1패,10-1-8,6-0-5,토,SSG,KT,문학,16957,17:00,19:56,2:56,김광현,쿠에바스,문학
2024-04-28,SSG,4,31,17,13,1,0.567,4.0,4승1무5패,1승,11-1-8,6-0-5,일,SSG,KT,문학,13196,14:00,16:35,2:35,엘리아스,육청명,문학
2024-05-03,SSG,4,35,19,15,1,0.559,3.0,5승1무4패,1패,11-1-9,8-0-6,금,SSG,NC,문학,13737,18:29,22:10,3:41,김광현,김시훈,문학
2024-05-04,SSG,4,36,19,16,1,0.543,4.0,5승0무5패,2패,11-1-10,8-0-6,토,SSG,NC,문학,22079,17:00,21:23,4:23,엘리아스,신영우,문학
2024-05-14,SSG,5,43,23,19,1,0.548,2.5,5승0무5패,2승,12-1-10,11-0-9,화,SSG,삼성,문학,16595,18:29,21:18,2:49,오원석,원태인,문학
2024-05-16,SSG,5,44,23,20,1,0.535,3.5,4승0무6패,1패,12-1-11,11-0-9,목,SSG,삼성,문학,13791,18:29,21:51,3:22,김광현,코너,문학
2024-05-24,SSG,6,51,25,25,1,0.5,4.5,4승0무6패,5패,12-1-12,13-0-13,금,SSG,한화,문학,22451,18:30,21:52,3:22,앤더슨,조동욱,문학
2024-05-25,SSG,6,52,25,26,1,0.49,5.5,3승0무7패,6패,12-1-13,13-0-13,토,SSG,한화,문학,23000,16:59,20:48,3:49,오원석,류현진,문학
2024-05-28,SSG,6,53,25,27,1,0.481,7.0,2승0무8패,7패,12-1-14,13-0-13,화,SSG,LG,문학,14116,18:30,21:55,3:25,김광현,엔스,문학
2024-05-29,SSG,6,54,25,28,1,0.472,8.0,2승0무8패,8패,12-1-15,13-0-13,수,SSG,LG,문학,14413,18:30,22:08,3:38,송영진,임찬규,문학
2024-05-30,SSG,6,55,26,28,1,0.481,8.0,2승0무8패,1승,13-1-15,13-0-13,목,SSG,LG,문학,15902,18:30,21:20,2:50,앤더슨,최원태,문학
